"name","avg","var","count","color","rarity","legendary","x","y","freq"
"angel_of_grace",1,0,902,"W","mythic",0,-0.0809498180321252,-0.310567283264462,2730
"angelic_exaltation",4.70459003530796,6.96451796649152,2549,"W","uncommon",0,-0.135581371314898,-0.397180223420801,7394
"archway_angel",3.98490776970374,5.08920766337731,1789,"W","uncommon",0,-0.0840328773320441,-0.402407381958872,5890
"arrester's_zeal",8.01924414560631,9.24122484023062,4313,"W","common",0,-0.128132825839777,-0.394349442588533,15778
"bring_to_trial",7.3948836576405,10.0639607600391,7349,"W","common",0,-0.105572283270387,-0.385217619433078,23988
"civic_stalwart",7.04484425349087,9.88064205415334,3724,"W","common",0,-0.160507306917006,-0.40395205912391,13100
"concordia_pegasus",8.42959504939746,9.41408016388386,9211,"W","common",0,-0.0953069132200883,-0.395282684180337,31155
"expose_to_daylight",11.3030485964383,6.04248089621973,6626,"W","common",0,-0.0910845826797636,-0.254087821216965,28883
"forbidding_spirit",2.95970900951315,3.39736936132342,1787,"W","uncommon",0,-0.153028538610118,-0.441359100630728,6879
"haazda_officer",8.18427872156637,9.61936700783113,3473,"W","common",0,-0.167307771826436,-0.389419709517629,13078
"hero_of_precinct_one",2.24360902255639,2.83288522057022,1995,"W","rare",0,-0.141466102254666,-0.355972333408541,5692
"impassioned_orator",6.09352678571429,7.71870809749681,4480,"W","common",0,-0.186064701407483,-0.432359711258313,15793
"justiciar's_portal",9.97417957687823,9.08195865973948,6003,"W","common",0,-0.100653199013068,-0.32540000319355,23323
"knight_of_sorrows",9.78299162575801,9.11389494852935,6926,"W","common",0,-0.154344300331509,-0.319487251848403,25556
"lumbering_battlement",1.01986754966887,0.019472830139029,906,"W","rare",0,-0.121563654504622,-0.358971790824176,3151
"ministrant_of_obligation",2.65315666406859,2.57884233477048,2566,"W","uncommon",0,-0.204172749936161,-0.402063060310188,8757
"prowling_caracal",10.9525356433857,6.67903210146371,5541,"W","common",0,-0.106787480393114,-0.281803361717559,23949
"rally_to_battle",8.80261160036441,11.4235340237585,3293,"W","uncommon",0,-0.106087479364598,-0.317525268292129,11206
"resolute_watchdog",8.68548387096774,11.6692764614851,4836,"W","uncommon",0,-0.106675094348023,-0.313717007320605,16438
"sentinel's_mark",4.15371024734982,5.13597268871714,1698,"W","uncommon",0,-0.120925194731864,-0.438050411985335,5702
"sky_tether",4.64849187935035,6.12895557553344,2586,"W","uncommon",0,-0.0998596661063463,-0.420005795716235,8220
"smothering_tithe",7.87526974536038,17.3159054624122,2317,"W","rare",0,-0.0633351676185635,-0.203651159056969,7571
"spirit_of_the_spires",3.81944043841938,4.7282866208395,3467,"W","uncommon",0,-0.116707644680958,-0.437629661582612,10346
"summary_judgment",2.19674134419552,1.52585496161041,2455,"W","common",0,-0.12488859474075,-0.447365784223371,11397
"syndicate_messenger",6.83893601424233,9.00076275944127,9549,"W","common",0,-0.159878722017157,-0.397413938918094,30413
"tenth_district_veteran",8.19437625530016,10.4511712300008,4481,"W","common",0,-0.135586367372729,-0.38579632647256,16166
"tithe_taker",2.49729364005413,3.25675857548053,1478,"W","rare",0,-0.160689177053517,-0.378058811145858,4886
"twilight_panther",10.4451154529307,9.62958093693705,11260,"W","common",0,-0.200713374941995,-0.245042182731344,41016
"unbreakable_formation",2.92693208430913,4.10801002583242,2135,"W","rare",0,-0.102897721087574,-0.3594559590615,6187
"watchful_giant",11.0966231555051,6.78933025412898,7048,"W","common",0,-0.0980915541598429,-0.271054989128681,29723
"arrester's_admonition",3.48400752587018,4.61004527557836,2126,"U","common",0,0.357720308879913,-0.284354580843396,10430
"benthic_biomancer",4.68219088225648,8.25944341256363,3049,"U","rare",0,0.345325790738076,-0.134725999182045,8530
"chillbringer",6.16251276813075,9.00801248068478,9790,"U","common",0,0.308685600237335,-0.239316248077842,31473
"clear_the_mind",11.9235975334637,5.31857234877418,6649,"U","common",0,0.180983325961161,-0.125793001941187,30083
"code_of_constraint",4.34135166093929,5.50089026923264,1746,"U","uncommon",0,0.33214302961489,-0.276031570829409,6028
"coral_commando",10.5964826575476,7.3745455178966,4094,"U","common",0,0.274025314703591,-0.16097763556696,17753
"essence_capture",2.43654365436544,1.90213890876036,1111,"U","uncommon",0,0.384431534125577,-0.255991151480297,4895
"eyes_everywhere",3.53930530164534,4.75485363073972,1094,"U","uncommon",0,0.341627480332598,-0.257437648975522,3991
"faerie_duelist",7.00050263885398,8.9205828084248,7958,"U","common",0,0.320231938889961,-0.25448386834844,27334
"gateway_sneak",4.65798893589326,6.93509481666899,3073,"U","uncommon",0,0.315434097578126,-0.241249711208452,9147
"humongulus",7.96630405943221,9.88504128828546,3769,"U","common",0,0.311725733240781,-0.234625947176705,14311
"mass_manipulation",1.00736842105263,0.00731412742382271,950,"U","rare",0,0.316174580419438,-0.243304978104007,3034
"mesmerizing_benthid",1.0013037809648,0.00130208111999374,767,"U","mythic",0,0.280612264282038,-0.211146808074895,2443
"persistent_petitioners",9.73423089155094,13.1269709366181,9433,"U","common",0,0.210382183896204,-0.189423034998699,35967
"precognitive_perception",1.01875,0.0225651041666667,960,"U","rare",0,0.305758422867681,-0.259892177726204,3366
"prying_eyes",10.9845906471928,7.43336834040295,7463,"U","common",0,0.21313119768116,-0.155973488178138,32446
"pteramander",6.31291028446389,10.2022049791587,5941,"U","uncommon",0,0.318698703878123,-0.18061652800012,18046
"quench",6.18714792405591,8.7104377867978,4793,"U","common",0,0.340364169817898,-0.251719052854689,17034
"sage's_row_savant",8.46456229781394,9.6154729213469,10201,"U","common",0,0.304876071977182,-0.222704945634982,34161
"senate_courier",10.1232387378448,9.88882756045479,15117,"U","common",0,0.18032730601473,-0.248960706445057,51304
"shimmer_of_possibility",9.66163303487906,9.39399369829129,7483,"U","common",0,0.27187648292856,-0.199061573417603,28077
"skatewing_spy",3.19015795868773,4.00818988999437,3292,"U","uncommon",0,0.386553804429067,-0.163741080881572,10219
"skitter_eel",6.04502092050209,8.0101906899389,5975,"U","common",0,0.389858088888962,-0.18269877366755,20130
"slimebind",8.34553472987872,9.93440949906947,9070,"U","common",0,0.311337556498657,-0.198315748643798,30986
"sphinx_of_foresight",1.02200488997555,0.0325231197804891,1636,"U","rare",0,0.282628704187046,-0.251567285940235,5144
"swirling_torrent",4.22623400365631,5.40174322129348,2188,"U","uncommon",0,0.342270765121682,-0.242007835796065,7473
"thought_collapse",7.98995055032701,10.7781730554587,6269,"U","common",0,0.288859835425383,-0.227178203987782,24649
"verity_circle",2.42753623188406,3.39692291535392,828,"U","rare",0,0.28834462548811,-0.247843582063006,2865
"wall_of_lost_thoughts",9.12264808362369,13.640242000429,4305,"U","uncommon",0,0.19652541504271,-0.191620026494489,15806
"windstorm_drake",3.24459724950884,4.06492660596493,3054,"U","uncommon",0,0.294264957564229,-0.296982087826753,9540
"awaken_the_erstwhile",9.748382923674,15.1753693126191,1546,"B","rare",0,-0.163833784610213,0.000321526417046221,6469
"bankrupt_in_blood",10.1236143768895,10.9387000031255,2977,"B","uncommon",0,-0.255345224283775,0.00579050668544801,12091
"blade_juggler",5.55838709677419,7.76336514047867,6200,"B","common",0,-0.459676785988376,0.0939511415223878,20264
"bladebrand",8.9583025284637,9.70046448514369,6763,"B","common",0,-0.378242671744576,0.0510229747384208,23031
"bloodmist_infiltrator",6.0303169499311,9.12540150725978,2177,"B","uncommon",0,-0.437599873169435,-0.00294530218231175,7114
"carrion_imp",9.74858571240626,9.2749042621245,7601,"B","common",0,-0.346000383291018,-0.0283798729275782,27657
"catacomb_crocodile",9.13199883957064,9.31968103510164,3447,"B","common",0,-0.366941907121418,-0.0135607127038377,13228
"clear_the_stage",3.70872436565867,4.47059819896488,2877,"B","uncommon",0,-0.413350980052002,0.0278490160550237,8263
"consign_to_the_pit",5.75527350732928,8.29817115329528,5594,"B","common",0,-0.415595789179151,-0.0230621739121758,17929
"cry_of_the_carnarium",4.36202621324832,6.57031852995403,2823,"B","uncommon",0,-0.403333044868093,0.00539800770561372,8416
"dead_revels",7.34684369904496,9.19509660659726,4293,"B","common",0,-0.433940877315956,0.0369142857690883,15429
"debtors'_transport",9.5059203444564,9.21264883900842,5574,"B","common",0,-0.350086517567087,-0.0592735737902733,20604
"drill_bit",6.30919395465995,8.90754771301131,1588,"B","uncommon",0,-0.402947417174442,0.075854435229679,5198
"font_of_agonies",10.5965794768612,13.7195456440858,1988,"B","rare",0,-0.144791151176356,-0.0038218656852729,7756
"grotesque_demise",1.62925011644155,0.559330737162306,2147,"B","common",0,-0.445115676922651,-0.0243625894812128,9445
"gutterbones",3.58826382153249,5.82222889645058,2062,"B","rare",0,-0.410186645624166,0.0272036989431451,6030
"ill-gotten_inheritance",8.94961886612673,11.7133979014259,8396,"B","common",0,-0.341054092068002,-0.0182160871574462,28487
"noxious_groodion",7.96510344827586,9.66402360998811,7250,"B","common",0,-0.402822554059326,-0.00422859058392573,25014
"orzhov_enforcer",3.001100513573,3.45084251594251,2726,"B","uncommon",0,-0.446270913610212,-0.0622197153717949,9078
"orzhov_racketeers",3.36039719626168,3.64523068335662,1712,"B","uncommon",0,-0.457678939649045,-0.0564537629621749,6050
"pestilent_spirit",1.00990916597853,0.0114625020712284,1211,"B","rare",0,-0.395852048019277,0.0351888438607845,3489
"plague_wight",8.84590987181181,9.47222557295263,7567,"B","common",0,-0.407672935425187,0.00827852126862732,25845
"priest_of_forgotten_gods",1.01164294954722,0.0115073912730596,773,"B","rare",0,-0.419404098091863,-0.0598388010188744,2402
"rakdos_trumpeter",10.3702860858257,10.2409766411718,12304,"B","common",0,-0.285675794733266,0.115347282953087,45763
"spawn_of_mayhem",1,0,931,"B","mythic",0,-0.320259823614188,0.0376850887111475,2592
"spire_mangler",4.7649086521889,6.20119534670556,2901,"B","uncommon",0,-0.437906147256655,-0.0525253961414683,8711
"thirsting_shade",10.737653903396,8.38158718964753,7391,"B","common",0,-0.295317710822549,-0.00225326228319111,30234
"undercity_scavenger",7.93589326391149,9.55104815261652,6146,"B","common",0,-0.422766657544435,-0.0084347852901712,20756
"undercity's_embrace",6.9282245008095,9.7287932318444,5559,"B","common",0,-0.40972634858653,-0.00589385659014854,18055
"vindictive_vampire",4.47657372808278,6.44031065215256,3479,"B","uncommon",0,-0.453024395585216,-0.0502983179358232,9831
"act_of_treason",9.16320089119941,9.78528526116519,5386,"R","common",0,-0.162346432474285,0.353245460602447,20406
"amplifire",4.35705882352941,7.48721487889273,1700,"R","rare",0,-0.111897113092607,0.38133140639104,5125
"burn_bright",10.0450634985662,8.79067718769264,4882,"R","common",0,-0.128434843407438,0.343234226626328,19415
"burning-tree_vandal",6.39107729036109,8.07191680423211,6702,"R","common",0,-0.134539789151973,0.449637846301324,22032
"cavalcade_of_calamity",10.4526964560863,11.897069000311,3245,"R","uncommon",0,-0.124280728637429,0.205829004983017,13319
"clamor_shaman",2.775,2.79616987179487,1560,"R","uncommon",0,-0.148201709355038,0.446846440856739,6147
"dagger_caster",3.15679161628376,3.88795165710021,2481,"R","uncommon",0,-0.182834996279251,0.414879959227933,8050
"deface",11.6114236261359,5.62140130517958,4622,"R","common",0,-0.0875462435127839,0.259505966853907,21941
"electrodominance",1.00546875,0.0054388427734375,1280,"R","rare",0,-0.121463982932719,0.358914366020457,3715
"feral_maaka",10.4496027418601,7.83150747577376,6419,"R","common",0,-0.0968955197275991,0.33451691770588,25477
"flames_of_the_raze-boar",1.50382327952421,0.392721151437673,1177,"R","uncommon",0,-0.10847878808126,0.41757175377209,4711
"gates_ablaze",4.22878625134264,7.36870948277553,1862,"R","uncommon",0,-0.0723064153496373,0.308508668575599,5041
"ghor-clan_wrecker",6.83601070950469,8.73772152420481,4482,"R","common",0,-0.117312994042284,0.448930748294676,15326
"goblin_gathering",7.82258064516129,11.4811053054959,8742,"R","common",0,-0.183783675234292,0.371854553685432,27464
"gravel-hide_goblin",10.202412299329,10.0975665922619,11773,"R","common",0,-0.00251638772383978,0.328871704449751,42862
"immolation_shaman",2.51811873554356,3.1147449573745,1297,"R","rare",0,-0.156887800039862,0.381907415813594,4459
"light_up_the_stage",6.05694822888283,9.83463155862765,3670,"R","uncommon",0,-0.182728960737628,0.379553723449547,10849
"mirror_march",7.86374695863747,16.8953037218581,2055,"R","rare",0,-0.0713571139287709,0.232407325247677,6866
"rix_maadi_reveler",2.94463498285154,5.8024222210006,2041,"R","rare",0,-0.281195985721604,0.330004805834291,6445
"rubble_reading",11.8784355179704,5.76429184415074,4730,"R","common",0,-0.0738511073029911,0.216131865531812,23980
"rubblebelt_recluse",7.72933523718864,9.56754655158556,6303,"R","common",0,-0.129500749242866,0.414162001137925,20784
"rumbling_ruin",4.71580547112462,6.56715646874413,1974,"R","uncommon",0,-0.0255598465921522,0.44623267352709,5856
"scorchmark",3.20978289301596,3.21625794397102,3823,"R","common",0,-0.187545649008226,0.434360772528117,15382
"skarrgan_hellkite",1,0,873,"R","mythic",0,-0.0888058377521998,0.3381069962874,2492
"skewer_the_critics",1.80228237791932,0.818391818351883,3768,"R","common",0,-0.188123761064618,0.418821485885553,15887
"smelt-ward_ignus",4.32451923076923,4.74645008937377,1248,"R","uncommon",0,-0.186640422499637,0.444994374790132,4412
"spear_spewer",9.10469798657718,11.2478922293868,9685,"R","common",0,-0.195513787693191,0.322613287162637,33168
"spikewheel_acrobat",7.1464254952627,9.12354952552857,3483,"R","common",0,-0.192600181310509,0.423646114019658,13208
"storm_strike",8.27479065667695,9.24820098085585,4538,"R","common",0,-0.132878466812187,0.41857645010766,16646
"tin_street_dodger",8.24554394591272,11.7335004263109,3254,"R","uncommon",0,-0.158249504987829,0.347189574086416,10998
"axebane_beast",7.63515901060071,8.9396236790737,3396,"G","common",0,0.315311640914481,0.276635969852622,12405
"biogenic_ooze",1.00221975582686,0.00221482851092817,901,"G","mythic",0,0.285928856345453,0.179171012428628,2579
"biogenic_upgrade",3.56905327451646,4.17465139417574,2947,"G","uncommon",0,0.379516679743485,0.208745022312223,9396
"end-raze_forerunners",1.00160384923817,0.00160127690579283,1247,"G","rare",0,0.317015279760376,0.224087526505029,3698
"enraged_ceratok",3.28587613293051,3.68828994236088,2648,"G","uncommon",0,0.347837320315825,0.259324380084576,8804
"gatebreaker_ram",3.15335051546392,3.71574478779183,2328,"G","uncommon",0,0.332671932313294,0.208674056157403,7347
"gift_of_strength",8.96137971698113,9.0710320586452,6784,"G","common",0,0.300128221887517,0.231912351080226,24318
"growth-chamber_guardian",1.25065274151436,0.300967807174817,1149,"G","rare",0,0.347858713868311,0.175642059841224,3801
"gruul_beastmaster",4.3830376940133,5.77512247973215,3608,"G","uncommon",0,0.326666512741448,0.284294644235216,10328
"guardian_project",1.32445520581114,0.526690078501955,826,"G","rare",0,0.342461368924782,0.193216815298083,2805
"incubation_druid",1.00477326968974,0.0047504855862065,1257,"G","rare",0,0.346446089116586,0.172427988914787,3759
"mammoth_spider",7.10910714285714,8.87470277423469,5600,"G","common",0,0.330584959635378,0.241835770488728,19299
"open_the_gates",5.87209627763784,7.86077469881906,3573,"G","common",0,0.353214531660145,0.225836504624656,12946
"rampage_of_the_clans",10.6928537624231,12.6642981977343,2113,"G","rare",0,0.119220522581583,0.10260636762282,8225
"rampaging_rendhorn",6.55619559651818,8.64315541898727,7812,"G","common",0,0.319466717910529,0.271982120037976,24456
"regenesis",6.3697521497218,10.4505367620401,1977,"G","uncommon",0,0.331549537133998,0.185658121499504,7130
"root_snare",11.5500564546481,6.18878151732473,5314,"G","common",0,0.206617452582928,0.12383243410248,24792
"sagittars'_volley",10.4831848996411,7.70791212146811,7523,"G","common",0,0.265189284907926,0.165352819764183,29238
"saruli_caretaker",10.0310888052419,9.4543520418836,7173,"G","common",0,0.269979014495553,0.1659092830752,27306
"sauroform_hybrid",5.32657595112469,6.71228733170713,7202,"G","common",0,0.374523077944345,0.243884074703573,24428
"silhana_wayfinder",5.46598639455782,7.61327456152529,4116,"G","uncommon",0,0.336519722857621,0.238643244300181,12434
"steeple_creeper",9.93425663273819,10.4031531976137,11986,"G","common",0,0.316639927654384,0.111491080429116,38905
"stony_strength",7.86280729579699,9.36404889942338,6305,"G","common",0,0.349865531494305,0.225588429199786,22154
"sylvan_brushstrider",9.13087633087633,9.01956262270759,6105,"G","common",0,0.305660752323288,0.233561315490458,22374
"territorial_boar",8.89881902330035,9.63259675403326,9399,"G","common",0,0.288770795333311,0.260487197965291,31980
"titanic_brawl",2.72727272727273,2.50770938694955,2211,"G","common",0,0.385528244603843,0.258484962789725,11087
"tower_defense",9.13831018518519,10.9675601074889,1728,"G","uncommon",0,0.257205422251481,0.141753031929648,6651
"trollbred_guardian",1.48813056379822,0.427900659510958,2022,"G","uncommon",0,0.368235763147664,0.2215277743216,7484
"wilderness_reclamation",4.72755659640906,14.5135966058913,1281,"G","uncommon",0,0.358836612152123,0.13343969645696,4412
"wrecking_beast",8.45375368007851,10.2537494035071,8152,"G","common",0,0.288845690233379,0.221979972479204,29702
"absorb",7.2599685204617,16.5391844691035,3812,"Multi","rare",0,0.103782107734088,-0.260462264441911,11008
"aeromunculus",6.94897439164225,12.5404591978408,15698,"Multi","common",0,0.41122915654148,0.0106224565636645,41675
"applied_biomancy",7.44754186925986,13.1032178906024,9255,"Multi","common",0,0.428289042129197,0.0127871643983736,26951
"azorius_knight-arbiter",7.69483865852692,12.9336743040252,12613,"Multi","common",0,0.11396813094041,-0.369970199238914,33338
"azorius_skyguard",6.11871000125486,12.691140712613,7969,"Multi","uncommon",0,0.11617315500673,-0.357338534853508,19634
"basilica_bell-haunt",4.1010101010101,8.40021694886129,3762,"Multi","uncommon",0,-0.347915221175003,-0.292390473423412,11512
"bedevil",1.10442349528644,0.276260345669871,1379,"Multi","rare",0,-0.332850395328073,0.230902058079624,6199
"biomancer's_familiar",1.59907567879838,1.87969874123979,1731,"Multi","rare",0,0.430674315608404,0.0146730677836077,6187
"bolrac-clan_crusher",5.72430769230769,11.9773270848126,4875,"Multi","uncommon",0,0.164965950760988,0.381226090845722,12628
"captive_audience",5.57506775067751,14.9327117162771,1845,"Multi","mythic",0,-0.246481766337086,0.193019156026687,4612
"cindervines",9.10099073186321,17.5692192165967,3129,"Multi","rare",0,0.0579883043244247,0.19622014383881,11466
"clan_guildmage",6.19314701378254,12.4732225618479,5224,"Multi","uncommon",0,0.115178671456664,0.405925729478334,13367
"combine_guildmage",6.12134727776069,12.3797688400257,6502,"Multi","uncommon",0,0.415176363686613,0.0113839831363733,17107
"cult_guildmage",6.26058437686345,12.9229524710658,5031,"Multi","uncommon",0,-0.351807434589313,0.273314411575018,13118
"deputy_of_detention",1.47869674185464,1.64428301329766,1596,"Multi","rare",0,0.121011223413618,-0.377280936015995,6654
"domri_chaos_bringer",1.02780867630701,0.0581810712929086,899,"Multi","mythic",1,0.111387806641809,0.31353050150254,3850
"dovin_grand_arbiter",1.02870264064294,0.0531371228288479,871,"Multi","mythic",1,0.0889123943117162,-0.306376092311302,4056
"dovin's_acuity",6.36846543001686,14.4063917429027,3558,"Multi","uncommon",0,0.119004282795609,-0.381162569200254,9557
"emergency_powers",9.22523961661342,17.5759976795381,1878,"Multi","mythic",0,0.0565228881129147,-0.125894635174353,7008
"ethereal_absolution",1.01469687691366,0.0218293171794686,1633,"Multi","rare",0,-0.274425230701886,-0.257993375250497,6379
"final_payment",5.88932584269663,12.5521332533771,8900,"Multi","common",0,-0.336881080151648,-0.292515526606824,24727
"fireblade_artist",6.23976411120472,13.3216201633961,5935,"Multi","uncommon",0,-0.348645636678515,0.266066692011963,15026
"frenzied_arynx",5.69284841075795,11.2403156029376,9816,"Multi","common",0,0.142744555680611,0.418737581952726,27064
"frilled_mystic",3.91476709613479,8.16161543138513,5045,"Multi","uncommon",0,0.42695922275597,-0.00446899206376078,15484
"galloping_lizrog",5.7863116572794,11.9987134655938,5859,"Multi","uncommon",0,0.416217047097005,0.0295283771688355,14845
"get_the_point",4.93762246897453,10.3802806090488,9186,"Multi","common",0,-0.350419393828819,0.278045806133316,27762
"grasping_thrull",7.38663569769519,13.2600179292813,11194,"Multi","common",0,-0.317462893077167,-0.266907158637876,29472
"growth_spiral",8.80792140481164,12.8795597468978,12927,"Multi","common",0,0.362138228259948,0.0170072290454198,38596
"gruul_spellbreaker",1.09019091507571,0.229521951701533,1519,"Multi","rare",0,0.118695294283734,0.391280463111834,5848
"gyre_engineer",5.32747456059204,11.1948880717395,5405,"Multi","uncommon",0,0.442428313519069,0.00740243987309204,14067
"hackrobat",6.41160773849233,13.2151687960976,5996,"Multi","uncommon",0,-0.346438264688683,0.26458767318664,15068
"high_alert",7.0878823073945,16.6531361657845,5166,"Multi","uncommon",0,0.120632786297097,-0.337550478536819,13013
"hydroid_krasis",1.01455301455301,0.0143412243204343,962,"Multi","mythic",0,0.350400249635974,-0.00118431353092263,3926
"imperious_oligarch",7.15084052703317,13.1109136506247,11005,"Multi","common",0,-0.348458830599214,-0.275091260748497,29355
"judith_the_scourge_diva",1.11750741839763,0.307853727689775,1685,"Multi","rare",1,-0.32579377772287,0.240082849892086,7060
"kaya_orzhov_usurper",7.55614220344949,18.4312901508447,2841,"Multi","mythic",1,-0.110302470863245,-0.0782696062467237,9533
"kaya's_wrath",1.04334365325077,0.101836498001514,1292,"Multi","rare",0,-0.283929002962491,-0.257565047898445,5602
"knight_of_the_last_breath",8.84545650766242,14.0883545995006,4633,"Multi","uncommon",0,-0.254871457201364,-0.212058407261184,13967
"lavinia_azorius_renegade",9.27766463000679,15.9106823939764,2946,"Multi","rare",1,0.0459362802673052,-0.161102876244978,10317
"lawmage's_binding",4.77523013978861,10.1019674291359,11732,"Multi","common",0,0.135467833123933,-0.391581518481684,34531
"macabre_mockery",9.23275014743464,13.7307693779118,5087,"Multi","uncommon",0,-0.241597935779291,0.196514867083557,16140
"mortify",1.63695416817034,1.14860191020547,2771,"Multi","uncommon",0,-0.320927630701345,-0.279395971490564,12012
"nikya_of_the_old_ways",3.21829742140586,6.812819566786,2831,"Multi","rare",1,0.130924052556659,0.364036473699116,6929
"pitiless_pontiff",6.60307477288609,13.7442672753314,5724,"Multi","uncommon",0,-0.327832812345809,-0.236712966669191,14718
"prime_speaker_vannifar",5.24210152644657,13.1149757752799,2817,"Multi","mythic",1,0.282345963279629,0.0135190673170177,7123
"rafter_demon",9.88887449812201,11.4791677657543,7721,"Multi","common",0,-0.278949778270668,0.237090311045156,25854
"rakdos_firewheeler",3.28476638097871,6.40494626142989,3617,"Multi","uncommon",0,-0.358805424660934,0.283604479678573,12071
"rakdos_roustabout",8.46940267335004,12.6486043215634,9576,"Multi","common",0,-0.341297831268706,0.273959544796691,26338
"rakdos_the_showstopper",1.02214452214452,0.0356401562695269,858,"Multi","mythic",1,-0.283763753621444,0.221994532391774,3820
"ravager_wurm",1.00795454545455,0.0101639979338843,880,"Multi","mythic",0,0.170736474091621,0.32105111137722,3033
"rhythm_of_the_wild",4.93984679141027,10.6889597655514,7963,"Multi","uncommon",0,0.131016325569003,0.355649194435188,18681
"rubblebelt_runner",8.42782321051181,12.2401961896405,10883,"Multi","common",0,0.106671762783868,0.383349377780724,31457
"savage_smash",4.97911154435315,10.1315787121088,7181,"Multi","common",0,0.151525235475525,0.436700602320716,22123
"senate_guildmage",5.77141877998629,11.8305470617721,5836,"Multi","uncommon",0,0.114743362056261,-0.390497605520825,15173
"seraph_of_the_scales",1.01522842639594,0.0231183488366101,985,"Multi","mythic",0,-0.272864792773064,-0.215743122721161,3711
"sharktocrab",4.87838855421687,10.0862397727204,7968,"Multi","uncommon",0,0.413016483388904,0.0239712677575,19333
"simic_ascendancy",2.80594900849858,6.42740559135643,2118,"Multi","rare",0,0.415436712246196,0.0140302295288311,6288
"sphinx_of_new_prahv",3.73957605404146,8.42600652886521,4293,"Multi","uncommon",0,0.133899663664395,-0.394838828297572,13643
"sphinx's_insight",9.78110879388252,11.194961161956,11508,"Multi","common",0,0.0971461809090624,-0.299926355150838,37323
"sunder_shaman",3.80494671224613,7.56340203315478,4973,"Multi","uncommon",0,0.125127891892946,0.419136037259733,13022
"syndicate_guildmage",6.44071634417456,13.0686344806756,4858,"Multi","uncommon",0,-0.332817648223998,-0.27293764420801,12634
"teysa_karlov",2.44736842105263,4.60094508717614,2584,"Multi","rare",1,-0.322278660954197,-0.257280695419708,7097
"theater_of_horrors",3.74235164025065,9.99296122246045,2713,"Multi","rare",0,-0.320933055912781,0.256936393967765,6957
"zegana_utopian_speaker",1.0145366444579,0.0324961359981892,1651,"Multi","rare",1,0.40653440844735,0.0143734839484627,6635
"zhur-taa_goblin",3.89479363366604,7.7747422490234,3707,"Multi","uncommon",0,0.129454858695988,0.445044836981605,10437
"footlight_fiend",7.31621447028424,8.87384561808518,6192,"Multi","common",0,-0.32500183792318,0.254127951011219,21207
"rubble_slinger",6.79996178830722,7.42100878722921,5234,"Multi","common",0,0.117443610372927,0.356979491444705,19531
"scuttlegator",9.28375089477452,9.09056631733098,6985,"Multi","common",0,0.303850165541287,0.0185577164930912,26642
"senate_griffin",5.55687260536398,6.73311608147176,8352,"Multi","common",0,0.114648595231643,-0.351816810738429,27933
"vizkopa_vampire",7.89936426349249,8.62317422048403,7393,"Multi","common",0,-0.29653670774714,-0.198130553999349,25673
"bedeck_bedazzle",1.01775956284153,0.0174441607692078,732,"Multi","rare",0,-0.31892110883077,0.24215090875723,2101
"carnival_carnage",3.53498114788437,3.29862969172671,2387,"Multi","uncommon",0,-0.366431219375219,0.294414103794886,6414
"collision_colossus",2.76664890783165,2.17143964924361,1877,"Multi","uncommon",0,0.144109105722113,0.413658677498025,5482
"consecrate_consume",5.07883995703545,11.1527531118728,4655,"Multi","uncommon",0,-0.318232127127046,-0.289744197003589,12825
"depose_deploy",2.72685887708649,1.95877784199631,1977,"Multi","uncommon",0,0.12271693254915,-0.41349652718932,6003
"incubation_incongruity",1.98798521256932,0.923145848210167,1082,"Multi","uncommon",0,0.444827224474273,0.00696375168125833,3613
"repudiate_replicate",1.48734873487349,0.670081969693119,909,"Multi","rare",0,0.412333183853557,-0.0245405988669241,2618
"revival_revenge",1.24446786090622,0.300614811664655,949,"Multi","rare",0,-0.311885605104002,-0.244582860284586,2606
"thrash_threat",1.00088731144632,0.000886524124714891,1127,"Multi","rare",0,0.115960673181006,0.374529304361453,2872
"warrant_warden",1.00394011032309,0.00392458585373093,1269,"Multi","rare",0,0.130141744180616,-0.382034389400974,2970
"azorius_locket",11.6198849811988,5.9186623181133,9042,"C","common",0,0.0601151514659789,-0.20908177270631,28073
"gate_colossus",2.97597308986064,2.24449719101059,2081,"C","uncommon",0,0.0412288358544105,-0.057663716791807,5626
"glass_of_the_guildpact",3.3623326959847,4.02359073443766,2092,"C","rare",0,-0.0299641305956763,-0.0228820244811404,6052
"gruul_locket",11.7512658227848,5.73116928376863,7900,"C","common",0,0.0151023071053867,0.166435674760125,24369
"junktroller",8.79468438538206,10.028941843909,1505,"C","uncommon",0,0.0143690723372975,-0.11510760201591,5822
"orzhov_locket",11.7144212523719,5.77186033867547,8432,"C","common",0,-0.138610217473458,-0.154862767132398,27256
"rakdos_locket",11.888960453433,5.30107998336458,7763,"C","common",0,-0.157907897429226,0.118410553100269,25187
"scrabbling_claws",10.7712221553281,6.93742589947302,1661,"C","uncommon",0,-0.0146056716677874,-0.0367586586487579,5953
"screaming_shield",8.34659433393611,11.2632358396545,1659,"C","uncommon",0,0.0211920035315227,-0.132320366858805,6180
"simic_locket",11.5342364271351,6.27401571762322,9449,"C","common",0,0.213034884939318,-0.0320952936455082,29053
"sphinx_of_the_guildpact",3.24474924989284,2.19513423845314,2333,"C","uncommon",0,0.0443581623368806,-0.0928793941569113,6981
"tome_of_the_guildpact",6.28604471858134,11.7655184343919,2594,"C","rare",0,0.022489675011605,-0.0458936556950256,8211
"azorius_guildgate",9.90372809692239,8.5234796167627,24597,"Multi","common",0,0.119569655635057,-0.307929126886812,60525
"blood_crypt",7.78840447386441,14.6452524417421,4381,"Multi","rare",0,-0.201044858231364,0.163844747902661,10598
"breeding_pool",7.58438818565401,14.4454102796916,4740,"Multi","rare",0,0.262121980985986,0.00609406932955497,11713
"gateway_plaza",5.57301587301587,4.92085915847821,2520,"C","common",0,0.0686253242286735,-0.00961692367860804,12811
"godless_shrine",7.58393521558328,15.1915213054988,4569,"Multi","rare",0,-0.176964475924288,-0.155378941648056,11049
"gruul_guildgate",9.54258715913013,8.76889741430525,23176,"Multi","common",0,0.138165269578372,0.335181679241832,52804
"hallowed_fountain",7.90086206896552,14.7050731484627,4872,"Multi","rare",0,0.0893617262924219,-0.219563274188869,11705
"orzhov_guildgate",9.81372981558281,8.67473604876867,22666,"Multi","common",0,-0.243209521178958,-0.228762903846311,53180
"plaza_of_harmony",5.04048964218456,6.94468827249159,1062,"C","rare",0,0.0521002421925743,-0.0337350327967244,4117
"rakdos_guildgate",9.90318616294948,8.57437764991323,21970,"Multi","common",0,-0.257380843921892,0.235283389231973,51497
"simic_guildgate",9.60573630136986,8.88709193918034,25696,"Multi","common",0,0.364951871696494,0.0111064731656627,62686
"stomping_ground",7.58186285459013,14.8097492213073,4477,"Multi","rare",0,0.0796172690614074,0.245112945786415,10432
